"rows_per_worker","total_rows","requested_workers","effective_workers","single_core_block_seconds","estimated_single_core_seconds","parallel_seconds","estimated_speedup","rows_per_second","fallback_count","max_final_residual","r_version","platform"
87600,87600,1,1,1.067,1.067,1.067,1,82099.343955014,0,6.19645567212501e-06,"4.6.1","aarch64-apple-darwin25.4.0"
87600,175200,2,2,1.067,2.134,1.7,1.25529411764706,103058.823529412,0,6.19645567212501e-06,"4.6.1","aarch64-apple-darwin25.4.0"
87600,262800,3,3,1.067,3.201,2.067,1.54862119013062,127140.783744557,0,6.19645567212501e-06,"4.6.1","aarch64-apple-darwin25.4.0"
87600,350400,4,4,1.067,4.268,2.603,1.63964656165962,134613.90703035,0,6.19645567212501e-06,"4.6.1","aarch64-apple-darwin25.4.0"
87600,438000,5,5,1.067,5.335,3.239,1.6471133065761,135226.921889472,0,6.19645567212501e-06,"4.6.1","aarch64-apple-darwin25.4.0"
87600,525600,6,6,1.067,6.402,4.289,1.49265563068314,122546.048029844,0,6.19645567212501e-06,"4.6.1","aarch64-apple-darwin25.4.0"
