"benchmark","rows","scalar_seconds","vector_seconds","speedup","scalar_allocation_bytes","vector_allocation_bytes","equivalent","max_abs_difference","na_count","na_positions","repetitions"
"calZenith",100,0.004,0.001,4,0,155944,TRUE,0,0,"",3
"calZenith",1000,0.0459999999999999,0.002,22.9999999999999,24144,685632,TRUE,0,0,"",3
"calZenith",10000,0.432,0.0169999999999999,25.4117647058825,240144,6885776,TRUE,4.2632564145606e-14,0,"",3
"calZenith",87600,3.779,0.135999999999999,27.7867647058825,2102544,60274576,TRUE,4.2632564145606e-14,0,"",3
"wbgt.Liljegren",100,0.0820000000000007,0.0469999999999988,1.74468085106389,270664,194784,TRUE,9.71204372035572e-07,9,"data:13,50,100;Tg:13,50,100;Tnwb:13,50,100",3
"wbgt.Liljegren",1000,0.261999999999999,0.0190000000000001,13.7894736842104,1252912,26018288,TRUE,9.97681468106748e-07,9,"data:13,500,1000;Tg:13,500,1000;Tnwb:13,500,1000",3
"wbgt.Liljegren",10000,2.678,0.120999999999999,22.1322314049589,12511088,267979800,TRUE,1.2199344041619e-06,9,"data:13,5000,10000;Tg:13,5000,10000;Tnwb:13,5000,10000",3
